GivenName,SurName
Finn,Müller
Jan,Schmidt
Jannik,Schneider
Jonas,Fischer
Leon,Weber
Luca,Meyer
Lukas,Wagner
Niklas,Becker
Tim,Schulz
Tom,Hoffmann
Anna,Schäfer
Hannah,Koch
Julia,Bauer
Lara,Richter
Laura,Klein
Lea,Wolf
Lena,Schröder
Lisa,Neumann
Michelle,Schwarz
Sarah,Zimmermann
Alexander,Braun
Christian,Krüger
Daniel,Hofmann
Dennis,Hartmann
Jan,Lange
Martin,Schmitt
Michael,Werner
Sebastian,Schmitz
Stefan,Krause
Thomas,Meier
Anja,Lehmann
Christina,Schmid
Julia,Schulze
Katrin,Maier
Melanie,Köhler
Nadine,Herrmann
Nicole,König
Sabrina,Walter
Sandra,Mayer
Stefanie,Huber
Andreas,Kaiser
Andrea,Fuchs
Frank,Peters
Angelika,Lang
Jörg,Scholz
Birgit,Möller
Jürgen,Weiß
Gabriele,Jung
Klaus,Hahn